street,number,plz,place,canton,rooms,area,price
Löwengrube,8,6014,Luzern,LU,3.5,77,1500
Bundesplatz,3,6003,Luzern,LU,3,82,1600
Täschmattstrasse,11,6015,Luzern,LU,1,20,790
Friedenstrasse,7,6004,Luzern,LU,3,60,1980
Weystrasse,25,6004,Luzern,LU,4.5,120,3465
Büttenenhalde,38,6006,Luzern,LU,3.5,81,1960
Matthofring,24,6005,Luzern,LU,4,80,1940
Udelbodenstrasse,2,6014,Luzern,LU,2.5,71,1580
Waldstrasse,5,6015,Luzern,LU,3.5,82,1630
Schädrütistrasse,56,6006,Luzern,LU,3.5,78,1590
Winkelriedstr.,47,6003,Luzern,LU,2,52,1480
Reussinsel,42,6003,Luzern,LU,4.5,124,2510
Winkelriedstrasse,25,6003,Luzern,LU,1.5,56,1620
Hirtenhofstrasse,40,6005,Luzern,LU,4.5,99,1820
Matthofring,32,6005,Luzern,LU,3.5,75,1590
Löwengrube,8,6014,Luzern,LU,3.5,77,1530
Landenbergstrasse,3,6005,Luzern,LU,4.5,130,3290
Rössligasse,16,6004,Luzern,LU,3.5,118,2880
Geissmattstrasse,60,6004,Luzern,LU,2,60,1340
Adligenswilerstrasse,26,6006,Luzern,LU,5.5,180,5200
Cheerstrasse,13,6014,Luzern,LU,3.5,125,2070
Wesemlinstrasse,15,6006,Luzern,LU,4.5,98,2080
Birkenstrasse,12,6003,Luzern,LU,3.5,95,2040
Cysatstrasse,15,6004,Luzern,LU,5,160,4450
Wesemlinstrasse,15,6006,Luzern,LU,4.5,98,2090
St. Anna-Strasse,50,6006,Luzern,LU,4,93,2150
St.-Anna-Strasse,50,6006,Luzern,LU,2.5,66,1570
Grossmatte,2,6014,Luzern,LU,2.5,91,1940
Grossmatte,2,6014,Luzern,LU,3.5,100,1960
St. Karlistrasse,2,6004,Luzern,LU,1,23,740
Täschmattstrasse,11,6015,Luzern,LU,1,20,780
Sempacherstrasse,34,6003,Luzern,LU,1,25,820
Sempacherstrasse,34,6003,Luzern,LU,1,26,830
Lindenstrasse,34,6015,Luzern,LU,1,1,850
Bernerweg,10,6003,Luzern,LU,1,18,880
Birkenstrasse,9,6003,Luzern,LU,1.5,33,955
Fluhmattstrasse,14,6004,Luzern,LU,1,34,966
Hirschengraben,41,6003,Luzern,LU,1,29,990
Sagenmattstrasse,28,6003,Luzern,LU,1.5,32,990
Voltastrasse,40,6005,Luzern,LU,1,36,1090
Unterlachenstrasse,17,6005,Luzern,LU,1.5,43,1090
Schädrütistrasse,35,6006,Luzern,LU,1,36,1100
Moosstrasse,15,6003,Luzern,LU,2.5,40,1150
Kreuzbuchrain,12,6006,Luzern,LU,1.5,33,1200
Wesemlinhöheweg,3,6006,Luzern,LU,2,49,1210
St. Karlistrasse,73,6004,Luzern,LU,2,44,1230
Grabenstrasse,7,6004,Luzern,LU,1,18,1240
Ruopigenstrasse,12,6014,Luzern,LU,1.5,34,1255
Täschmattstrasse,7,6015,Luzern,LU,3.5,75,1260
Seehof,7,6004,Luzern,LU,1.5,30,1270
Moosmattstrasse,54,6005,Luzern,LU,3,57,1270
Biregghofstrasse,15,6005,Luzern,LU,3,62,1270
Fluhmühlerain,9,6015,Luzern,LU,3,58,1290
Rothenhalde,5,6015,Luzern,LU,3,63,1300
Löwengrube,12,6014,Luzern,LU,2.5,64,1300
Stollbergstrasse,18,6003,Luzern,LU,2,36,1310
Heiterweid,12,6015,Luzern,LU,3,85,1313
Schädrütihalde,6,6006,Luzern,LU,2,55,1320
Felsental,9,6006,Luzern,LU,1,19,1325
Sagenmattstrasse,20,6003,Luzern,LU,2,47,1340
Neuweg,8,6003,Luzern,LU,2,49,1345
Sternmattstrasse,18,6005,Luzern,LU,1,19,1350
Gütschstrasse,9,6003,Luzern,LU,2,63,1360
Mozartstr.,9,6004,Luzern,LU,2,52,1370
Vorderrainstrasse,11,6005,Luzern,LU,2.5,61,1380
Längweiherstr.,10,6014,Luzern,LU,2.5,60,1390
Reusszopf,21,6015,Luzern,LU,2.5,57,1390
Längweiherstr.,10,6014,Luzern,LU,2.5,60,1395
Abendweg,1,6006,Luzern,LU,1,33,1400
Buobenmatt,1,6003,Luzern,LU,2,51,1410
Büttenenhalde,61,6006,Luzern,LU,2.5,63,1420
Hofstrasse,14,6006,Luzern,LU,1,17,1425
Bernstrasse,3,6003,Luzern,LU,2.5,35,1430
Bernstrasse,5,6003,Luzern,LU,2.5,35,1430
Kellerstrasse,25,6005,Luzern,LU,3.5,66,1435
Würzenbachmatte,19,6006,Luzern,LU,2.5,69,1440
Fluhmühlerain,3,6015,Luzern,LU,3,60,1440
Täschmattstrasse,11,6015,Luzern,LU,3,60,1450
Rankhofstrasse,30,6006,Luzern,LU,2.5,55,1450
Eisengasse,7,6004,Luzern,LU,2.5,57,1460
Neustadtstrasse,5,6003,Luzern,LU,3.5,64,1470
Geissmattstrasse,60,6004,Luzern,LU,3,57,1470
Bernstrasse,57,6003,Luzern,LU,3,58,1490
Hirschengraben,41,6003,Luzern,LU,2,53,1490
Steinhofstrasse,60,6003,Luzern,LU,3.5,69,1490
Grendelstrasse,19,6004,Luzern,LU,1,47,1490
Hirschengraben,55,6003,Luzern,LU,3,55,1490
Imfangring,28,6005,Luzern,LU,3,57,1500
Grossmatte,2,6014,Luzern,LU,2.5,66,1500
Obergütschstrasse,41,6003,Luzern,LU,3.5,78,1505
Obergrundstrasse,107,6005,Luzern,LU,3,86,1510
Matthofring,34,6005,Luzern,LU,3,65,1520
Ruopigenring,55,6015,Luzern,LU,3.5,73,1530
Grüneggstrasse,38,6005,Luzern,LU,3,68,1530
Bundesplatz,4,6003,Luzern,LU,3,78,1530
Imfangring,28,6005,Luzern,LU,3,57,1550
Sternmattstrasse,18,6006,Luzern,LU,1,30,1550
Bernstrasse,75,6003,Luzern,LU,3.5,73,1550
Rotseestrasse,22,6006,Luzern,LU,3.5,80,1560
Zürichstrasse,38,6004,Luzern,LU,2.5,45,1563
Fluhmühlerain,9,6015,Luzern,LU,4,72,1570
Fluhmühlerain,9,6015,Luzern,LU,4,72,1570
Kellerstrasse,25,6005,Luzern,LU,4.5,70,1580
Dornacherstrasse,15,6003,Luzern,LU,3,63,1580
Sempacherstrasse,40,6003,Luzern,LU,3,63,1580
Würzenbachmatte,21,6006,Luzern,LU,3.5,79,1590
Tribschenstrasse,64,6005,Luzern,LU,3.5,65,1590
Hirschengraben,41,6003,Luzern,LU,2.5,59,1590
Sempacherstrasse,30,6003,Luzern,LU,2.5,55,1590
Büttenenhalde,38,6006,Luzern,LU,2.5,60,1595
Bleicherstrasse,16,6003,Luzern,LU,1,38,1600
Seefeldstrasse,17,6006,Luzern,LU,3.5,72,1600
Matthofring,40,6005,Luzern,LU,3,65,1610
Geissmatthalde,3,6004,Luzern,LU,3,60,1610
Brünigstrasse,18,6005,Luzern,LU,2.5,73,1630
Kreuzbuchstrasse,35,6006,Luzern,LU,2.5,56,1630
Weinmarkt,11,6004,Luzern,LU,2,84,1640
Schädrütihalde,8,6006,Luzern,LU,3.5,84,1640
Kreuzbuchstrasse,35,6006,Luzern,LU,2.5,56,1640
Schädrütihalde,8,6006,Luzern,LU,3.5,84,1640
Kreuzbuchstrasse,35,6006,Luzern,LU,2.5,56,1640
Seefeldstrasse,11,6006,Luzern,LU,3.5,72,1640
Grüneggstrasse,8,6005,Luzern,LU,3,76,1640
Löwengrube,10,6014,Luzern,LU,3.5,78,1640
Murbacherstr.,31,6003,Luzern,LU,2.5,75,1645
Kellerstrasse,32,6005,Luzern,LU,3.5,63,1650
Winkelriedstr.,25,6003,Luzern,LU,1.5,56,1660
Kreuzbuchstrasse,35,6006,Luzern,LU,2.5,56,1660
Kreuzbuchstrasse,35,6006,Luzern,LU,2.5,56,1660
Brünigstrasse,11,6005,Luzern,LU,3,70,1660
Matthofring,24,6005,Luzern,LU,3.5,70,1665
Maihofstrasse,71,6006,Luzern,LU,4,74,1665
Hirtenhofstrasse,83,6005,Luzern,LU,2.5,63,1680
Hertensteinstrasse,32,6004,Luzern,LU,2,56,1680
Bundesplatz,3,6003,Luzern,LU,3,72,1680
Stadthofstrasse,9,6006,Luzern,LU,3.5,65,1680
Winkelriedstrasse,58,6003,Luzern,LU,3.5,90,1690
Gibraltarstrasse,28,6003,Luzern,LU,3.5,88,1695
Zihlmattweg,44,6005,Luzern,LU,1,25,1700
Militärstrasse,45,6003,Luzern,LU,3,79,1700
Sagenmattstrasse,24,6003,Luzern,LU,3,63,1700
Imfangring,16,6005,Luzern,LU,3.5,79,1710
Grimselweg,12,6005,Luzern,LU,4,71,1710
Seefeldstrasse,17,6006,Luzern,LU,3.5,72,1720
Wesemlinstrasse,2,6006,Luzern,LU,2.5,71,1720
Neustadtstr.,8,6003,Luzern,LU,3.5,71,1720
Dufourstrasse,20,6003,Luzern,LU,3.5,63,1720
Voltastrasse,5,6005,Luzern,LU,3,72,1730
Hofstrasse,3,6004,Luzern,LU,2.5,67,1740
Langensandstrasse,50,6005,Luzern,LU,3.5,88,1745
Maihofstr.,68,6006,Luzern,LU,3.5,81,1750
Obergütschrain,5,6003,Luzern,LU,4.5,93,1750
Sternmattstrasse,67,6005,Luzern,LU,3.5,94,1750
Hauptstrasse,54,6015,Luzern,LU,3.5,156,1750
Seefeldstrasse,17,6006,Luzern,LU,3.5,72,1750
Kauffmannweg,26,6003,Luzern,LU,4,76,1750
Bodenhofstrasse,20,6005,Luzern,LU,4,87,1750
Sandeggstrasse,9,6015,Luzern,LU,4,88,1760
Hauptstrasse,37,6015,Luzern,LU,3.5,70,1770
Villenstrasse,18,6005,Luzern,LU,4,65,1770
Tribschenstrasse,20,6005,Luzern,LU,2.5,73,1775
Voltastrasse,5,6005,Luzern,LU,3,72,1780
Zihlmattweg,44,6005,Luzern,LU,2.5,51,1780
St. Karlistrasse,68,6004,Luzern,LU,3.5,75,1790
Zihlmattweg,25,6005,Luzern,LU,2.5,66,1790
Würzenbachstrasse,18,6006,Luzern,LU,3.5,87,1790
An der Kleinen Emme,2,6014,Luzern,LU,3.5,90,1790
Zürichstrasse,42,6004,Luzern,LU,3,150,1800
Schützenstrasse,3,6003,Luzern,LU,2.5,63,1800
Matthofring,42,6005,Luzern,LU,4,80,1805
Büttenenstrasse,27,6006,Luzern,LU,3.5,95,1820
Imfangring,28,6005,Luzern,LU,4,76,1830
Würzenbachhalde,16,6006,Luzern,LU,3.5,74,1830
Grossmatte,2,6014,Luzern,LU,2.5,81,1830
Löwengrube,10,6014,Luzern,LU,4.5,90,1830
Büttenenhalde,60,6006,Luzern,LU,3.5,93,1835
Maihofstr.,68,6006,Luzern,LU,3.5,77,1840
Voltastrasse,39,6005,Luzern,LU,3.5,64,1840
Liebenauweg,10,6006,Luzern,LU,3.5,68,1840
Wesemlinstrasse,4,6006,Luzern,LU,3.5,81,1845
Hirtenhofstrasse,37,6005,Luzern,LU,4.5,98,1848
Weinberglistrasse,60,6005,Luzern,LU,3.5,69,1850
Hirtenhofring,2,6005,Luzern,LU,3.5,85,1850
St. Karlistrasse,66,6004,Luzern,LU,3.5,75,1850
Sagenmattstrasse,24,6003,Luzern,LU,4.5,87,1850
Sonnenbergstrasse,37,6005,Luzern,LU,2.5,62,1850
Neustadtstrasse,7,6003,Luzern,LU,3.5,85,1860
Kasimir-Pfyfferstrasse,15,6003,Luzern,LU,3.5,81,1860
Neustadtstrasse,7,6003,Luzern,LU,3.5,90,1860
Grüneggstrasse,10,6005,Luzern,LU,3.5,72,1864
Kellerstrasse,44,6005,Luzern,LU,3.5,80,1865
Rankhofstrasse,20,6006,Luzern,LU,3,75,1870
Cheerstrasse,13,6014,Luzern,LU,3.5,87,1870
Säntihof,2,6014,Luzern,LU,3.5,92,1880
Büttenenhalde,39,6006,Luzern,LU,4.5,98,1880
Stadthausstrasse,2,6003,Luzern,LU,2.5,57,1880
Schibiweg,10,6006,Luzern,LU,4.5,100,1890
Adligenswilerstrasse,93,6006,Luzern,LU,2.5,66,1890
Bodenhofstrasse,15,6005,Luzern,LU,3.5,66,1890
Schädrütihalde,16,6006,Luzern,LU,3.5,95,1890
Hertensteinstrasse,34,6004,Luzern,LU,3.5,74,1890
Claridenstrasse,9,6003,Luzern,LU,3.5,75,1895
Seefeldstrasse,1,6006,Luzern,LU,3.5,100,1895
Theaterstrasse,7,6003,Luzern,LU,3,85,1900
Kreuzbuchstrasse,35,6006,Luzern,LU,3.5,76,1900
Sternmattstrasse,18,6006,Luzern,LU,2,40,1900
Kreuzbuchstrasse,35,6006,Luzern,LU,3.5,76,1920
Würzenbachmatte,33,6006,Luzern,LU,4.5,100,1920
Kreuzbuchstrasse,35,6006,Luzern,LU,3.5,76,1930
Dufourstrasse,20,6003,Luzern,LU,4,82,1940
Grossmatte,2,6014,Luzern,LU,4,96,1940
Klosterstrasse,7,6003,Luzern,LU,3.5,65,1950
Bodenhofstrasse,13,6005,Luzern,LU,3.5,66,1950
Bodenhofstrasse,13,6005,Luzern,LU,3.5,66,1950
Kellerstrasse,27,6005,Luzern,LU,3.5,90,1950
Hofstrasse,11,6006,Luzern,LU,1.5,27,1950
Hirtenhofstrasse,6,6005,Luzern,LU,4,86,1955
Hünenbergstrasse,50,6006,Luzern,LU,3.5,74,1960
Schädrütistrasse,46,6006,Luzern,LU,3.5,92,1960
Geissensteinring,55,6005,Luzern,LU,3.5,86,1960
Wesemlinstrasse,51,6006,Luzern,LU,4,88,1960
Seefeldstrasse,1,6006,Luzern,LU,3.5,96,1970
Matthofring,10,6005,Luzern,LU,4.5,81,1980
Hirtenhofstrasse,6,6005,Luzern,LU,4,86,1980
Bundesstrasse,10,6003,Luzern,LU,4,98,1982
Bundesplatz,1,6003,Luzern,LU,4,103,1990
Bruchstrasse,16,6003,Luzern,LU,4,88,1990
Würzenbachstrasse,18,6006,Luzern,LU,4.5,103,1990
Bodenhofstrasse,2,6005,Luzern,LU,3,80,1990
Schönbühlring,6,6005,Luzern,LU,4.5,92,1990
Ruopigenstrasse,12,6014,Luzern,LU,2.5,61,1990
Adligenswilerstrasse,99,6006,Luzern,LU,3.5,88,2000
Weggisgasse,36,6004,Luzern,LU,2,74,2010
Bireggstrasse,19,6003,Luzern,LU,3.5,97,2010
Museggstrasse,16,6004,Luzern,LU,4,90,2014
Würzenbachmatte,33,6006,Luzern,LU,3.5,110,2020
Adligenswilerstrasse,99,6006,Luzern,LU,3.5,89,2020
Voltastrasse,26,6005,Luzern,LU,3.5,86,2020
An der Kleinen Emme,2,6014,Luzern,LU,3.5,126,2040
Mühlemattrain,3,6004,Luzern,LU,3.5,76,2040
Eisengasse,7,6004,Luzern,LU,3.5,81,2050
Giselihalde,3,6006,Luzern,LU,4.5,100,2050
Schädrütistrasse,46,6006,Luzern,LU,3.5,93,2060
Wesemlinstrasse,15,6006,Luzern,LU,4.5,98,2080
Bruchstrasse,4,6003,Luzern,LU,3,92,2090
Spannortstrasse,14,6003,Luzern,LU,5.5,115,2090
Grossmatte,2,6014,Luzern,LU,3.5,107,2120
Büttenenhalde,38,6006,Luzern,LU,3.5,102,2130
Landschaustrasse,20,6006,Luzern,LU,5.5,110,2165
Brunnhalde,14,6006,Luzern,LU,3.5,74,2170
St. Annastrasse,51,6006,Luzern,LU,5.5,108,2180
Winkelriedstr.,25,6003,Luzern,LU,3.5,75,2180
Obergrundstrasse,106,6005,Luzern,LU,4,109,2189
Bernstrasse,57,6003,Luzern,LU,4.5,100,2190
Würzenbachmatte,21,6006,Luzern,LU,4.5,110,2190
Winkelriedstrasse,56,6003,Luzern,LU,3.5,77,2200
Löwengraben,33,6004,Luzern,LU,3.5,94,2210
Obergrundstrasse,73,6003,Luzern,LU,4.5,94,2240
Adligenswilerstrasse,101,6006,Luzern,LU,3.5,77,2240
Mythenstr.,10,6003,Luzern,LU,3.5,106,2248
Löwenstrasse,12,6004,Luzern,LU,1,34,2250
Weinmarkt,9,6004,Luzern,LU,2.5,101,2250
Liebenauweg,10,6006,Luzern,LU,3.5,72,2250
Würzenbachhalde,16,6006,Luzern,LU,4.5,89,2260
Habsburgerstrasse,39,6003,Luzern,LU,4,79,2262
Büttenenhalde,38,6006,Luzern,LU,4.5,109,2265
Gibraltarstrasse,30,6003,Luzern,LU,3,98,2280
Schönbühlring,8,6005,Luzern,LU,5.5,109,2280
Moosstrasse,19,6003,Luzern,LU,3.5,74,2290
Adligenswilerstrasse,104,6006,Luzern,LU,3.5,84,2300
Zähringerstrasse,7,6003,Luzern,LU,4,106,2300
Eschenstrasse,26,6005,Luzern,LU,2.5,67,2315
Löwengrube,10,6014,Luzern,LU,4.5,103,2320
Gasshof,10,6014,Luzern,LU,4.5,130,2325
Bruchstrasse,2,6003,Luzern,LU,3,85,2330
Gibraltarstrasse,30,6003,Luzern,LU,3,98,2350
Schönbühlring,20,6005,Luzern,LU,2.5,72,2350
Schlösslihalde,15,6006,Luzern,LU,3.5,100,2370
Lützelmattstrasse,18,6006,Luzern,LU,5.5,125,2370
Maihofstrasse,36,6004,Luzern,LU,3.5,88,2390
Voltastrasse,30,6005,Luzern,LU,4.5,97,2390
An der Kleinen Emme,3,6014,Luzern,LU,5.5,147,2395
Bergstrasse,1,6004,Luzern,LU,3.5,89,2400
Eschenstrasse,26,6005,Luzern,LU,2.5,73,2400
Obergrundstrasse,73,6003,Luzern,LU,4.5,115,2420
Bundesstrasse,38,6003,Luzern,LU,5.5,135,2420
Bruchstrasse,43,6003,Luzern,LU,3.5,88,2440
Würzenbachstrasse,62,6006,Luzern,LU,4.5,129,2450
Sternmattstrasse,18,6005,Luzern,LU,2,53,2450
Fluhmattstrasse,58,6004,Luzern,LU,4.5,118,2480
Bleicherstrasse,16,6003,Luzern,LU,2.5,52,2490
Bruchstrasse,6,6003,Luzern,LU,3.5,98,2490
Habsburgerstrasse,40,6003,Luzern,LU,3.5,93,2490
Vonmattstrasse,32,6003,Luzern,LU,3,79,2490
Hofstrasse,9,6006,Luzern,LU,1.5,37,2500
Adligenswilerstrasse,104,6006,Luzern,LU,4.5,115,2530
CÃ©cile-Lauber-Gasse,7,6005,Luzern,LU,3.5,100,2530
Güterstr.,2,6005,Luzern,LU,3.5,99,2540
Habsburgerstrasse,40,6003,Luzern,LU,3.5,89,2540
Grabenstrasse,7,6004,Luzern,LU,2.5,46,2550
Hirtenhofstrasse,81,6005,Luzern,LU,4.5,107,2550
Geissmattstrasse,46,6004,Luzern,LU,5.5,120,2550
Zihlmattweg,44,6005,Luzern,LU,2.5,83,2550
Hitzlisbergstrasse,14,6006,Luzern,LU,3.5,110,2550
Rösslimatte,49,6005,Luzern,LU,3.5,100,2550
Stutzstrasse,2,6005,Luzern,LU,4.5,106,2580
Bernstrasse,44,6003,Luzern,LU,4.5,105,2600
Seehof,7,6004,Luzern,LU,2.5,76,2630
Bireggstrasse,17,6003,Luzern,LU,5.5,117,2660
Schönbühlring,20,6005,Luzern,LU,3.5,96,2670
Bürgenstrasse,9,6005,Luzern,LU,3.5,113,2684
Vonmattstrasse,32,6003,Luzern,LU,3,78,2690
Voltastrasse,39,6005,Luzern,LU,3.5,94,2720
Würzenbachstrasse,16,6006,Luzern,LU,4.5,161,2750
Hirschengraben,7,6003,Luzern,LU,5,131,2760
Kreuzbuchstrasse,101,6006,Luzern,LU,4.5,107,2760
Güterstr.,2,6005,Luzern,LU,4.5,114,2780
CÃ©cile-Lauber-Gasse,9,6005,Luzern,LU,3.5,92,2780
Hertensteinstrasse,26,6004,Luzern,LU,3.5,136,2790
Rigistrasse,31,6006,Luzern,LU,5.5,145,2790
Büttenenhalde,38,6006,Luzern,LU,5,118,2830
Bruchstrasse,12,6003,Luzern,LU,4.5,125,2840
Grossmatte,2,6014,Luzern,LU,4.5,136,2880
Adligenswilerstrasse,29,6006,Luzern,LU,3.5,110,2900
Lützelmattstrasse,21,6006,Luzern,LU,4.5,124,2920
Sternegg,9,6005,Luzern,LU,4.5,117,2950
Grabenstrasse,1,6004,Luzern,LU,4.5,90,2950
Wesemlinrain,8,6006,Luzern,LU,4.5,120,2970
Grendelstrasse,19,6004,Luzern,LU,4.5,144,3000
Salzfassrain,2,6006,Luzern,LU,4.5,140,3050
Denkmalstrasse,17,6006,Luzern,LU,4,140,3130
Kasimir-Pfyffer-Strasse,4,6003,Luzern,LU,4,95,3150
Grendelstrasse,19,6004,Luzern,LU,2.5,129,3190
Zentralstrasse,18,6003,Luzern,LU,3.5,104,3200
Hirtenhofring,28,6005,Luzern,LU,4.5,110,3200
Wesemlinstrasse,4,6006,Luzern,LU,4.5,107,3240
Rössligasse,7,6004,Luzern,LU,3.5,129,3250
Zihlmattweg,44,6005,Luzern,LU,3.5,108,3380
Bergstrasse,1,6004,Luzern,LU,4.5,124,3500
Vonmattstrasse,32,6003,Luzern,LU,4,113,3550
Leumattblick,36,6006,Luzern,LU,4.5,126,3615
Gesegnetmattstrasse,6,6006,Luzern,LU,4.5,145,3700
Pilatusstrasse,41,6003,Luzern,LU,4.5,175,3800
Schönbühlring,18,6005,Luzern,LU,3.5,119,3870
Kapellgasse,6,6004,Luzern,LU,5.5,233,3900
Hirschmattstrasse,3,6003,Luzern,LU,4.5,112,3970
Gundoldingenstrasse,7,6006,Luzern,LU,4.5,130,4140
Hofstrasse,1,6004,Luzern,LU,5.5,159,4280
Pilatusstrasse,26,6003,Luzern,LU,3.5,163,4320
Frankenstrasse,18,6003,Luzern,LU,5.5,201,4450
Brandgässli,5,6004,Luzern,LU,4.5,121,4461
Salzfasshöhe,17,6006,Luzern,LU,4.5,116,4500
Pilatusstrasse,41,6003,Luzern,LU,4.5,228,5275
Leumattblick,38,6006,Luzern,LU,6,199,5350
Obere Schöntalstrasse,48,8406,Winterthur,ZH,3.5,100,2280
Unterwegli,39,8404,Winterthur,ZH,4.5,105,2068
Katharina Sulzer Platz,2,8400,Winterthur,ZH,1,179,3010
Feldstr.,49,8400,Winterthur,ZH,1,36,1105
Meilistrasse,9,8400,Winterthur,ZH,3.5,89,1822
Wingertlistrasse,33,8405,Winterthur,ZH,3.5,86,1685
Römerstrasse,176,8404,Winterthur,ZH,2.5,66,1290
Schlosshofstrasse,106,8406,Winterthur,ZH,4.5,118,2600
Büelhofstrasse,36,8405,Winterthur,ZH,2,64,1830
Büelhofstrasse,48,8405,Winterthur,ZH,4,77,2010
Büelhofstrasse,42,8405,Winterthur,ZH,4,77,1970
Büelhofstrasse,36,8405,Winterthur,ZH,2,52,1680
Büelhofstrasse,44,8405,Winterthur,ZH,3,69,1850
Wasserfurristrasse,5,8406,Winterthur,ZH,1,20,740
Büelrainstrasse,21,8400,Winterthur,ZH,1,18,850
Neuwiesenstr.,18,8400,Winterthur,ZH,1,32,880
Langgasse,92,8400,Winterthur,ZH,1,24,935
Schaffhauserstrasse,32,8400,Winterthur,ZH,2,35,970
Schaffhauserstrasse,32,8400,Winterthur,ZH,2,35,990
Oberfeldstrasse,77,8408,Winterthur,ZH,4,75,1020
Burgstrasse,84,8408,Winterthur,ZH,2,55,1085
Gutstrasse,9,8400,Winterthur,ZH,2,40,1150
Hohlandstrasse,2,8400,Winterthur,ZH,2,43,1150
Freihofstrasse,12,8406,Winterthur,ZH,2,49,1190
Gutstrasse,13,8400,Winterthur,ZH,1,39,1230
Rankstrasse,11,8408,Winterthur,ZH,1.5,40,1270
Zürcherstrasse,133,8406,Winterthur,ZH,3.5,76,1300
Zürcherstrasse,135,8406,Winterthur,ZH,4.5,92,1300
Langgasse,92,8400,Winterthur,ZH,1.5,37,1305
Burgstrasse,118,8408,Winterthur,ZH,3,68,1315
Alte Römerstrasse,36,8404,Winterthur,ZH,2,56,1318
Seuzacherstr.,13,8400,Winterthur,ZH,1.5,44,1330
Ruhtalstrasse,39,8400,Winterthur,ZH,2.5,48,1340
Kanzleistrasse,30,8405,Winterthur,ZH,3.5,60,1370
Rychenbergstrasse,16,8400,Winterthur,ZH,2,56,1370
Schlossbergstrasse,2,8408,Winterthur,ZH,2.5,69,1370
Zypressenstrasse,23,8408,Winterthur,ZH,3,63,1380
Endlikerstrasse,86,8400,Winterthur,ZH,2.5,58,1385
Grüzenstrasse,4,8400,Winterthur,ZH,3,66,1390
Römerstrasse,52,8400,Winterthur,ZH,2.5,56,1390
Hegistr.,37,8404,Winterthur,ZH,2.5,60,1410
Im Geissacker,35,8404,Winterthur,ZH,3,60,1413
Holzlegistrasse,8,8408,Winterthur,ZH,3,65,1450
Zürcherstrasse,62,8406,Winterthur,ZH,1,38,1450
Seenerstrasse,166,8405,Winterthur,ZH,2.5,55,1450
Roggenweg,12,8405,Winterthur,ZH,2,52,1454
Heiniweg,16,8404,Winterthur,ZH,2.5,70,1460
Hofmannstr.,11,8405,Winterthur,ZH,2.5,64,1465
Zürcherstrasse,75,8406,Winterthur,ZH,3,62,1468
Heiniweg,10,8404,Winterthur,ZH,2.5,70,1480
Eichenweg,10,8408,Winterthur,ZH,2.5,58,1480
Scheideggsrasse,20,8400,Winterthur,ZH,3.5,69,1480
Oberseenerstrasse,55,8405,Winterthur,ZH,3,63,1481
Hulfteggstrasse,14,8400,Winterthur,ZH,2.5,60,1490
Tösstalstrasse,174,8400,Winterthur,ZH,3,62,1490
Mooswiesenweg,19,8404,Winterthur,ZH,3,65,1495
Mooswiesenweg,17,8404,Winterthur,ZH,3,65,1495
Wallrütistr.,113,8404,Winterthur,ZH,3,63,1505
Alte Römerstr.,39,8404,Winterthur,ZH,3,76,1505
Holzlegistr.,6,8408,Winterthur,ZH,3,64,1510
Burgstrasse,70,8408,Winterthur,ZH,4,75,1520
Heiniweg,8,8404,Winterthur,ZH,3.5,76,1536
Weizackerstrasse,12,8405,Winterthur,ZH,3,69,1536
Neumarkt,9,8400,Winterthur,ZH,1.5,50,1550
Hegifeldstrasse,66,8404,Winterthur,ZH,4,76,1550
Hegifeldstrasse,62,8404,Winterthur,ZH,4,73,1551
Schlossmühlestrasse,8,8408,Winterthur,ZH,3.5,90,1560
Scheideggstrasse,22,8400,Winterthur,ZH,4,70,1575
Feldstrasse,41,8400,Winterthur,ZH,3,64,1580
Zürcherstrasse,62,8406,Winterthur,ZH,2.5,53,1580
Mooswiesenweg,48,8404,Winterthur,ZH,3,67,1595
Bettenstrasse,68,8400,Winterthur,ZH,2.5,55,1595
Sulzbergstrasse,6,8400,Winterthur,ZH,3,66,1610
Agnesstrasse,55,8406,Winterthur,ZH,3,60,1620
Agnesstrasse,55,8406,Winterthur,ZH,3,60,1620
Ruchwiesenstrasse,22,8404,Winterthur,ZH,3.5,85,1620
Scheideggstrasse,24,8400,Winterthur,ZH,3.5,70,1620
Werdstrasse,4,8405,Winterthur,ZH,2.5,114,1630
Emil Klöti-Strasse,2,8406,Winterthur,ZH,3.5,75,1630
Roggenweg,8,8405,Winterthur,ZH,3,71,1630
Zürcherstr.,143,8406,Winterthur,ZH,2.5,60,1630
Scheideggstrasse,26,8400,Winterthur,ZH,3.5,70,1640
Strahleggstrasse,70,8400,Winterthur,ZH,3,75,1650
Bettenstrasse,66,8400,Winterthur,ZH,3,60,1650
Strahleggstrasse,72,8400,Winterthur,ZH,3,75,1650
Am Buck,5,8404,Winterthur,ZH,3.5,66,1650
Alte Römerstrasse,4,8404,Winterthur,ZH,3.5,77,1651
Römerstrasse,44,8400,Winterthur,ZH,3,80,1655
Hofwiesenweg,2,8405,Winterthur,ZH,3,62,1663
Else-Züblinstr.,76,8404,Winterthur,ZH,2.5,61,1670
Rosentalstrasse,23,8400,Winterthur,ZH,4,83,1675
Strahleggstrasse,66,8400,Winterthur,ZH,4,75,1690
Scheideggstrasse,8,8400,Winterthur,ZH,3,67,1690
Rütlistr.,17,8400,Winterthur,ZH,3,66,1700
Grenzstrasse,44,8406,Winterthur,ZH,4,92,1701
Friedenstrasse,18,8400,Winterthur,ZH,4,68,1710
Sulzerallee,57,8404,Winterthur,ZH,2.5,72,1725
Endlikerstrasse,88,8400,Winterthur,ZH,4.5,85,1745
Dättnauerstrasse,159,8406,Winterthur,ZH,2.5,63,1750
Lindbergstrasse,20,8404,Winterthur,ZH,4,71,1750
Scheideggstrasse,2,8400,Winterthur,ZH,3,67,1750
Poststrasse,1,8406,Winterthur,ZH,2.5,53,1750
Wingertlistrasse,18,8405,Winterthur,ZH,4.5,102,1760
Seuzacherstr.,13,8400,Winterthur,ZH,2.5,66,1760
Oberseenerstrasse,16,8405,Winterthur,ZH,4.5,90,1775
Zürcherstrasse,62,8406,Winterthur,ZH,3.5,84,1790
Mooswiesenweg,21,8404,Winterthur,ZH,4,81,1795
Mooswiesenweg,48,8404,Winterthur,ZH,4,79,1795
Büelhofstrasse,44,8405,Winterthur,ZH,3,69,1800
Wülflingerstrasse,51,8400,Winterthur,ZH,4,77,1800
Ursulaweg,31,8404,Winterthur,ZH,4.5,86,1805
Moosackerstr.,32,8405,Winterthur,ZH,4.5,80,1810
Claisstrasse,1,8408,Winterthur,ZH,2.5,66,1830
Römerstr.,132,8404,Winterthur,ZH,3.5,93,1842
Oberfeldstrasse,128,8408,Winterthur,ZH,3.5,104,1843
Hofstrasse,1,8406,Winterthur,ZH,4,66,1850
Reismühlestr.,3,8409,Winterthur,ZH,3.5,76,1880
Wülflingerstrasse,25,8400,Winterthur,ZH,3.5,78,1880
Geiselweidstrasse,5,8400,Winterthur,ZH,3.5,66,1880
Tösstalstrasse,231,8405,Winterthur,ZH,4,75,1890
Reismühlestr.,1,8409,Winterthur,ZH,3.5,80,1890
Wydenstrasse,45,8408,Winterthur,ZH,3.5,86,1890
Alte Römerstr.,41,8404,Winterthur,ZH,4.5,105,1895
Schlossackerstrasse,48,8404,Winterthur,ZH,3.5,90,1900
Pionierstr.,22,8400,Winterthur,ZH,1,89,1900
Julie-Bikle-Str.,25,8406,Winterthur,ZH,3.5,78,1910
Büelhofstrasse,46,8405,Winterthur,ZH,4,77,1920
Rychenbergstrasse,16,8400,Winterthur,ZH,4,82,1921
Wässerwiesenstr.,79,8408,Winterthur,ZH,3.5,93,1922
Schulergasse,4,8406,Winterthur,ZH,4,85,1930
Wässerwiesenstr.,79,8408,Winterthur,ZH,3.5,93,1940
Hegifeldstr.,89,8404,Winterthur,ZH,3.5,95,1950
Tösstalstrasse,78,8400,Winterthur,ZH,3.5,77,1950
Espenstrasse,73,8408,Winterthur,ZH,3.5,83,1970
Tösstalstrasse,170,8400,Winterthur,ZH,3.5,90,1990
Neuwiesenstrasse,8,8400,Winterthur,ZH,3.5,80,1990
Schlossbergstrasse,16,8408,Winterthur,ZH,3.5,92,1990
Markgasse,28,8400,Winterthur,ZH,3,80,1990
Schaffhauserstrasse,29,8400,Winterthur,ZH,4,82,1990
Freiestrasse,57,8406,Winterthur,ZH,3.5,65,1990
St. Gallerstrasse,80,8400,Winterthur,ZH,4,85,1990
Grenzstrase,19,8406,Winterthur,ZH,4.5,85,2020
Rossbergstrasse,32,8406,Winterthur,ZH,2.5,78,2020
Weststr.,137,8408,Winterthur,ZH,3.5,86,2022
Burgstrasse,11,8408,Winterthur,ZH,3.5,81,2050
Hegifeldstr.,87,8404,Winterthur,ZH,3.5,115,2065
Wässerwiesenstr.,79,8408,Winterthur,ZH,3.5,93,2070
Seenerstrasse,166,8405,Winterthur,ZH,4.5,92,2100
Seenerstrasse,166,8406,Winterthur,ZH,4.5,92,2100
Else-Züblin-Strasse,73,8404,Winterthur,ZH,3.5,93,2102
Landvogt-Waser-Strasse,50,8405,Winterthur,ZH,3.5,87,2104
Rebenweg,44,8408,Winterthur,ZH,4.5,117,2110
Else-Züblin-Strasse,104,8404,Winterthur,ZH,3.5,103,2110
Geiselweidstrasse,5,8400,Winterthur,ZH,3.5,68,2120
Hofwiesenweg,7,8405,Winterthur,ZH,3.5,77,2123
Zürcherstrasse,47,8406,Winterthur,ZH,4.5,90,2145
Waldeggstrasse,38,8405,Winterthur,ZH,2.5,91,2150
Sulzerallee,65,8404,Winterthur,ZH,2.5,98,2160
Wurmbühlstrasse,8,8405,Winterthur,ZH,5.5,128,2180
Eichenweg,70,8408,Winterthur,ZH,4.5,99,2189
Römerstrasse,54,8400,Winterthur,ZH,4.5,111,2190
Rebenweg,42,8408,Winterthur,ZH,4.5,127,2190
Obere Schöntalstrasse,44,8406,Winterthur,ZH,3.5,107,2191
Hofwiesenweg,9,8405,Winterthur,ZH,4.5,92,2197
Tösstalstrasse,78,8400,Winterthur,ZH,3.5,98,2200
Wülflingerstrasse,235,8408,Winterthur,ZH,3.5,111,2229
Sulzer-Allee,75,8404,Winterthur,ZH,3.5,98,2230
Else-Züblin-Strasse,112,8404,Winterthur,ZH,3.5,122,2235
Schlossmühlestrasse,5,8408,Winterthur,ZH,4.5,110,2250
St. Gallerstrasse,20,8400,Winterthur,ZH,3,100,2250
Schaffhauserstrasse,6,8400,Winterthur,ZH,3,84,2290
Schützenstrasse,35,8400,Winterthur,ZH,4.5,84,2290
Kastellweg,11,8404,Winterthur,ZH,3.5,99,2290
Espenstrasse,88,8408,Winterthur,ZH,4.5,105,2335
Katharina Sulzer Platz,6,8400,Winterthur,ZH,2.5,110,2345
Landvogt Waser-Strasse,69,8405,Winterthur,ZH,4.5,106,2348
Schlossbergstrasse,16,8408,Winterthur,ZH,4.5,120,2350
Geiselweidstrasse,5,8400,Winterthur,ZH,4.5,82,2380
Espenstrasse,86,8408,Winterthur,ZH,4.5,105,2380
Sulzerallee,55,8404,Winterthur,ZH,4.5,108,2385
Weberstrasse,91,8400,Winterthur,ZH,4.5,109,2400
Burgstrasse,19,8408,Winterthur,ZH,4.5,101,2410
Hörnlistrasse,4,8400,Winterthur,ZH,5.5,142,2427
Espenstrasse,72,8408,Winterthur,ZH,4.5,116,2442
Rümikerstrasse,36,8409,Winterthur,ZH,4.5,114,2450
Schlosshofstrasse,15,8400,Winterthur,ZH,4.5,105,2460
Untertor,34,8400,Winterthur,ZH,2.5,102,2465
Obere Schöntalstrasse,46,8406,Winterthur,ZH,4.5,122,2470
Sulzerallee,51,8404,Winterthur,ZH,4.5,108,2475
Julie-Bikle-Str.,25,8406,Winterthur,ZH,5.5,123,2490
Im Gässli,5,8405,Winterthur,ZH,4.5,134,2500
St. Gallerstrasse,50,8400,Winterthur,ZH,3.5,115,2520
Weberstrasse,91,8400,Winterthur,ZH,4.5,109,2530
Eichgutstr.,6,8400,Winterthur,ZH,3.5,103,2540
Seuzacherstr.,7,8400,Winterthur,ZH,3.5,98,2550
Römerstrasse,54,8400,Winterthur,ZH,4.5,145,2560
Sulzerallee,65,8404,Winterthur,ZH,3.5,113,2580
Schlosstalstrasse,28,8406,Winterthur,ZH,4.5,107,2590
Rossbergstrasse,29,8406,Winterthur,ZH,3.5,117,2630
Theaterstrasse,27,8400,Winterthur,ZH,3.5,89,2635
Weberstrasse,91,8400,Winterthur,ZH,4.5,109,2650
Rychenbergstr.,61,8400,Winterthur,ZH,4.5,121,2650
Kirchackerstrasse,18,8405,Winterthur,ZH,5.5,137,2650
Hobelwerkweg,21,8404,Winterthur,ZH,4.5,119,2665
Espenstrasse,93,8408,Winterthur,ZH,4.5,123,2690
Sulzerallee,53,8404,Winterthur,ZH,3.5,100,2705
Schlosstalstrasse,26,8406,Winterthur,ZH,4.5,104,2750
Brühlbergstrasse,8,8400,Winterthur,ZH,5.5,133,2750
Wiesenstrasse,39,8400,Winterthur,ZH,3.5,104,2820
Am Eulachpark,45,8404,Winterthur,ZH,5.5,143,2880
Else-Züblin-Strasse,112,8404,Winterthur,ZH,4.5,162,2900
Poststrasse,1,8406,Winterthur,ZH,4.5,112,2901
Römerstr.,14,8400,Winterthur,ZH,3.5,110,2913
Alte Römerstrasse,18,8404,Winterthur,ZH,5,145,2990
Theaterstrasse,25,8400,Winterthur,ZH,3.5,92,3000
Eichgutstr.,6,8400,Winterthur,ZH,4.5,123,3080
Sulzer-Allee,83,8404,Winterthur,ZH,5.5,150,3400
Am Eulachpark,12,8404,Winterthur,ZH,5.5,160,3599
Rychenbergstrasse,161,8400,Winterthur,ZH,4.5,121,3600
Büelrainstrasse,15,8400,Winterthur,ZH,5,171,4100
Archplatz,4,8400,Winterthur,ZH,3.5,158,4720
Endlikerstrasse,88,8400,Winterthur,ZH,2.5,60,1348
Sulzerallee,75,8404,Winterthur,ZH,3.5,98,2230
Florastrasse,38,3600,Thun,BE,3.5,67,1690
Aarestrasse,10,3600,Thun,BE,3.5,82,1890
Siedlungsstrasse,4,3603,Thun,BE,4.5,112,2130
Länggasse,90,3600,Thun,BE,4,79,1520
Allmendstr.,5,3600,Thun,BE,3.5,97,2065
Siedlungsstrasse,5,3603,Thun,BE,4.5,106,2020
Frutigenstrasse,68,3604,Thun,BE,3.5,72,1350
Scheibenstrasse,15,3600,Thun,BE,3.5,88,1910
Bälliz,54,3600,Thun,BE,2.5,76,1915
Länggasse,15,3600,Thun,BE,4.5,102,2260
Talackerstrasse,53,3604,Thun,BE,2.5,50,1190
Frutigenstrasse,40,3600,Thun,BE,1.5,30,1225
Frutigenstrasse,8,3600,Thun,BE,2.5,52,1250
Länggasse,92,3600,Thun,BE,3,66,1260
Zuberweg,19,3608,Thun,BE,3.5,55,1290
Länggasse,8,3600,Thun,BE,3.5,95,1290
Burgstrasse,14,3600,Thun,BE,2.5,72,1320
Untere Hauptgasse,22,3600,Thun,BE,2.5,72,1340
Bernstrasse,13,3600,Thun,BE,3.5,74,1355
Frutigenstrasse,40,3600,Thun,BE,1,35,1375
Frutigenstrasse,68,3604,Thun,BE,3.5,62,1380
Länggasse,59,3600,Thun,BE,3.5,77,1390
Länggasse,74,3600,Thun,BE,3.5,59,1430
Bubenbergstr.,34,3604,Thun,BE,3.5,84,1440
Ulmenweg,10,3604,Thun,BE,3.5,70,1480
Von-May-Str.,3,3604,Thun,BE,3.5,84,1485
Dohlenweg,3,3604,Thun,BE,3.5,65,1490
Marktgasse,4,3600,Thun,BE,2.5,74,1490
Bubenbergstr.,32,3604,Thun,BE,3.5,76,1495
Waisenhausstrasse,3,3600,Thun,BE,3,77,1500
Bürglenstrasse,69,3600,Thun,BE,4,70,1500
Bernstrasse,1,3600,Thun,BE,2.5,72,1500
Bernstrasse,1,3600,Thun,BE,2.5,72,1500
Neumattstrasse,23,3600,Thun,BE,3.5,81,1505
Waisenhausstrasse,3,3600,Thun,BE,3,77,1510
Ulmenweg,25,3604,Thun,BE,3,78,1520
Bostudenstrasse,25,3604,Thun,BE,3.5,72,1525
Bostudenstrasse,17,3604,Thun,BE,3.5,72,1525
Mittlere Strasse,22,3600,Thun,BE,4,74,1535
Frutigenstrasse,75,3604,Thun,BE,4,84,1540
Bälliz,56,3600,Thun,BE,4.5,140,1550
Von May-Str.,28,3604,Thun,BE,3.5,78,1550
Bucheggweg,3,3604,Thun,BE,3.5,80,1570
Frutigenstrasse,75,3604,Thun,BE,4,75,1580
Distelweg,25,3604,Thun,BE,4.5,85,1600
Von May-Str.,12,3604,Thun,BE,3.5,75,1610
Siedlungsstrasse,16,3603,Thun,BE,3,82,1629
Von May-Str.,30,3604,Thun,BE,3.5,85,1637
Länggasse,74,3600,Thun,BE,4.5,76,1640
Länggasse,100,3600,Thun,BE,4.5,83,1640
Balmweg,18,3604,Thun,BE,3.5,67,1645
Balmweg,18,3604,Thun,BE,3.5,67,1645
Bellevuestrasse,17,3600,Thun,BE,1,83,1650
Meisenweg,31,3604,Thun,BE,3.5,76,1650
Balmweg,16,3604,Thun,BE,3.5,67,1655
Länggasse,100,3600,Thun,BE,4.5,83,1660
Neufeldstrasse,8,3604,Thun,BE,4.5,96,1670
Bubenbergstrasse,24,3604,Thun,BE,4.5,89,1680
Ob. Hauptgasse,79,3600,Thun,BE,3.5,108,1680
Balmweg,18,3604,Thun,BE,3.5,67,1685
Balmweg,18,3604,Thun,BE,3.5,67,1685
Feldstrasse,34,3604,Thun,BE,3.5,72,1690
Goldiwilstrasse,35,3600,Thun,BE,3,68,1690
Arvenweg,2,3604,Thun,BE,4,85,1690
Sustenstrasse,22,3604,Thun,BE,3.5,81,1695
Neufeldstrasse,8,3604,Thun,BE,4.5,96,1700
Bubenbergstrasse,22,3604,Thun,BE,4.5,89,1700
Neufeldstrasse,10,3604,Thun,BE,4.5,96,1720
Bubenbergstrasse,28,3604,Thun,BE,4.5,89,1720
Talackerstrasse,45,3604,Thun,BE,3.5,80,1720
Länggasse,59,3600,Thun,BE,4.5,92,1730
Pestalozzistrasse,83,3600,Thun,BE,3.5,80,1740
Bernstrasse,1,3600,Thun,BE,3.5,86,1755
Bubenbergstrasse,20,3604,Thun,BE,3.5,124,1790
Favriweg,6,3604,Thun,BE,4.5,97,1790
Balmweg,22,3604,Thun,BE,3.5,72,1800
Länggasse,49,3600,Thun,BE,3.5,67,1800
Schlossmattstrasse,12,3600,Thun,BE,3.5,72,1810
Hagacherweg,16,3608,Thun,BE,4.5,113,1830
Bubenbergstrasse,25,3604,Thun,BE,2.5,87,1840
Meisenweg,14,3604,Thun,BE,4.5,75,1850
von May-Strasse,4,3604,Thun,BE,4.5,142,1850
Meisenweg,12,3604,Thun,BE,4.5,75,1860
Von May-Str.,28,3604,Thun,BE,4.5,105,1860
Balmweg,24,3604,Thun,BE,3.5,78,1870
Hofstettenstrasse,1,3600,Thun,BE,3.5,100,1880
Bernstrasse,5,3600,Thun,BE,4.5,102,1890
Scherzligweg,10,3600,Thun,BE,4.5,90,1895
Balmweg,22,3604,Thun,BE,3.5,78,1900
Hagacherweg,4,3608,Thun,BE,4.5,120,1910
Allmendstr.,3,3600,Thun,BE,3.5,89,1940
Gewerbestr.,6,3600,Thun,BE,3.5,90,1960
Bälliz,64,3600,Thun,BE,3,84,1983
Marquard-Wocher-Str.,3,3600,Thun,BE,3.5,121,1985
Frutigenstrasse,46,3600,Thun,BE,3.5,79,1990
Favriweg,8,3604,Thun,BE,5,112,2010
Langestrasse,4,3603,Thun,BE,3.5,91,2015
Siedlungsstrasse,5,3603,Thun,BE,4.5,106,2020
Langestrasse,6,3603,Thun,BE,3.5,93,2035
Balmweg,22,3604,Thun,BE,4.5,83,2060
Talackerstrasse,45,3604,Thun,BE,4.5,115,2100
Elsterweg,13,3603,Thun,BE,4.5,120,2100
Scheibenstrasse,19,3600,Thun,BE,4.5,109,2104
Frutigenstrasse,63,3604,Thun,BE,4.5,105,2110
Siedlungsstrasse,5,3603,Thun,BE,4.5,106,2120
Langestrasse,6,3603,Thun,BE,3.5,93,2185
Dählenweg,13,3603,Thun,BE,5.5,131,2190
Scheibenstrasse,29,3600,Thun,BE,4.5,109,2216
Siedlungsstrasse,7,3603,Thun,BE,4.5,118,2220
Scheibenstrasse,29,3600,Thun,BE,4.5,109,2274
Eggenweg,6,3604,Thun,BE,4.5,93,2290
Allmendstr.,5,3600,Thun,BE,4.5,116,2290
Eggenweg,6,3604,Thun,BE,4.5,93,2320
Jungfraustrasse,26,3600,Thun,BE,4.5,128,2350
Langestrasse,4,3603,Thun,BE,3.5,91,2365
Allmendstr.,3,3600,Thun,BE,4.5,123,2420
Distelweg,16,3600,Thun,BE,3.5,89,2420
Allmendstr.,3,3600,Thun,BE,4.5,118,2450
Schulstrasse,26,3604,Thun,BE,4.5,153,2490
Sustenstrasse,28,3604,Thun,BE,4.5,135,2520
Freienhofgasse,3,3600,Thun,BE,2.5,102,2550
Bälliz,60,3600,Thun,BE,4.5,144,2640
Höheweg,23,3600,Thun,BE,4.5,123,2720
Schadaustr.,25,3604,Thun,BE,4.5,150,2750
Lauenenweg,51,3600,Thun,BE,4.5,130,2770
Freienhofgasse,3,3600,Thun,BE,3.5,140,2970
Freienhofgasse,5,3600,Thun,BE,3.5,150,2990
Mittlere Strasse,14,3600,Thun,BE,3.5,72,1510
Scherzligweg,8,3600,Thun,BE,4.5,90,1800
G.F.Heilmannstrasse,2,2503,Biel/Bienne,BE,2.5,46,1170
G.F.Heilmannstrasse,2,2503,Biel/Bienne,BE,3.5,78,1350
Collegegasse,8,2502,Biel/Bienne,BE,2.5,85,1900
Rüschlistrasse,6,2502,Biel/Bienne,BE,1,31,795
Zentralstrasse,70,2503,Biel/Bienne,BE,3.5,89,1730
Poststrasse,36,2504,Biel/Bienne,BE,3.5,69,1225
Hugistrasse,4,2502,Biel/Bienne,BE,4.5,103,1840
Theodor-Kocher-Strasse,5,2500,Biel/Bienne,BE,1,53,1280
Brüggstrasse,84,2503,Biel/Bienne,BE,2,46,1090
Brüggstrasse,84,2503,Biel/Bienne,BE,3,60,1160
Brüggstrasse,64,2503,Biel/Bienne,BE,3.5,65,1230
Meisenweg,12,2503,Biel/Bienne,BE,3,55,990
Gottstattstrasse,60,2503,Biel/Bienne,BE,3.5,64,1350
Adam-Friedrich-Molzgasse,10,2502,Biel/Bienne,BE,5.5,132,2790
Burggasse,1,2502,Biel/Bienne,BE,3.5,120,1740
Mettstrasse,146,2504,Biel/Bienne,BE,3,62,1125
Ackerweg,3,2503,Biel/Bienne,BE,3.5,75,1100
Parkweg,10,2502,Biel/Bienne,BE,4.5,97,2100
Güterstrasse,21,2502,Biel/Bienne,BE,2,55,1235
Parkweg,10,2502,Biel/Bienne,BE,4.5,117,2200
General Dufour Strasse,164,2502,Biel/Bienne,BE,3.5,90,1530
Mattenstrasse,132,2503,Biel/Bienne,BE,3,62,1250
Güterstrasse,15,2502,Biel/Bienne,BE,2.5,60,1450
Länggasse,44,2504,Biel/Bienne,BE,4,90,1980
Länggasse,44,2504,Biel/Bienne,BE,2.5,52,1415
Aarbergstrasse,2,2500,Biel/Bienne,BE,1,25,450
Hainbuchenweg,15,2500,Biel/Bienne,BE,4,80,1550
reuchenettestrasse,17,2502,Biel/Bienne,BE,3.5,75,1300
Hans-Hugi-Strasse,3,2502,Biel/Bienne,BE,2.5,54,1220
Meisenweg,16,2503,Biel/Bienne,BE,1,9,245
Erlenweg,15,2503,Biel/Bienne,BE,1,20,350
Hans-Hugi-Strasse,3,2502,Biel/Bienne,BE,1,22,500
Karl-Staufferstr.,7,2502,Biel/Bienne,BE,1,31,570
Feldeckstrasse,5,2502,Biel/Bienne,BE,1,32,680
Blumenrain,52,2503,Biel/Bienne,BE,1,22,780
Gewerbehofstrasse,2,2503,Biel/Bienne,BE,2,35,835
Nelkenstrasse,1,2502,Biel/Bienne,BE,1,36,850
Poststrasse,17,2504,Biel/Bienne,BE,2,44,865
Dufourstrasse,116,2502,Biel/Bienne,BE,2,50,880
Zentralstrasse,92,2503,Biel/Bienne,BE,1.5,27,880
Mittelstrasse,19,2502,Biel/Bienne,BE,1.5,34,900
Madretschstrasse,94,2503,Biel/Bienne,BE,2,55,900
Lischenweg,24,2503,Biel/Bienne,BE,2,47,925
Haldenstrasse,20,2502,Biel/Bienne,BE,2,40,940
Poststrasse,42,2504,Biel/Bienne,BE,2.5,49,960
Eisfeldstrasse,17,2504,Biel/Bienne,BE,2,49,970
Meisenweg,10,2503,Biel/Bienne,BE,3,56,970
Mühlestrasse,48,2500,Biel/Bienne,BE,2,47,1000
Bartolomäusweg,15,2504,Biel/Bienne,BE,2.5,52,1000
Güterstrasse,3,2502,Biel/Bienne,BE,2,50,1050
Südstrasse,2,2504,Biel/Bienne,BE,2.5,63,1050
Karl-Staufferstr.,9,2502,Biel/Bienne,BE,3,55,1060
Solothurnstrasse,31,2502,Biel/Bienne,BE,2.5,53,1070
Ernst Schülerstrasse,29,2500,Biel/Bienne,BE,2.5,47,1090
Schöneggstrasse,20,2503,Biel/Bienne,BE,3,75,1090
Ernst Schülerstrasse,29,2500,Biel/Bienne,BE,2.5,52,1090
Mattenstrasse,54,2503,Biel/Bienne,BE,3,46,1090
Dufourstrasse,95,2502,Biel/Bienne,BE,3,70,1090
Mettstrasse,67,2504,Biel/Bienne,BE,3,72,1110
Mettstrasse,146,2504,Biel/Bienne,BE,3,62,1115
Fuchsenried,24,2504,Biel,BE,3,60,1120
Zentralstrasse,56,2502,Biel/Bienne,BE,2.5,61,1130
Madretschstrasse,108,2503,Biel/Bienne,BE,2.5,58,1141
General-Dufour-Strasse,55,2502,Biel/Bienne,BE,3.5,70,1150
General-Dufour-Strasse,55,2502,Biel/Bienne,BE,3.5,80,1150
J. Verresius-Strasse,8,2502,Biel/Bienne,BE,3,57,1167
Neumarktstrasse,23,2502,Biel/Bienne,BE,2.5,75,1170
Länggasse,9,2504,Biel/Bienne,BE,2.5,41,1180
Mattenstrasse,89,2503,Biel/Bienne,BE,3,60,1180
Mühlestrasse,46,2502,Biel/Bienne,BE,3.5,71,1180
Tscheneyweg,61,2504,Biel/Bienne,BE,3,60,1190
Mattenstrasse,154,2503,Biel/Bienne,BE,3,70,1190
Bözingenstrasse,138,2504,Biel/Bienne,BE,2.5,70,1195
General-Dufourstrasse,112,2502,Biel/Bienne,BE,3,75,1200
Schöneggstrasse,15,2503,Biel/Bienne,BE,3,65,1200
Bärenmatt,4,2503,Biel/Bienne,BE,3.5,70,1200
Neuengasse,42,2502,Biel/Bienne,BE,3.5,61,1230
Blumenrain,2,2503,Biel/Bienne,BE,3,65,1230
Löhrenweg,19,2504,Biel/Bienne,BE,2.5,58,1230
Lischenweg,23,2500,Biel/Bienne,BE,3,65,1230
Bözingenstrasse,90,2502,Biel/Bienne,BE,3.5,69,1240
Florastrasse,16,2505,Biel/Bienne,BE,3,70,1250
Hermann-Lienhardstrasse,47,2504,Biel/Bienne,BE,2,76,1250
Schwadernauweg,30,2504,Biel/Bienne,BE,2,45,1260
Solothurnstrasse,35,2504,Biel/Bienne,BE,2.5,52,1260
Wilhelm-Kutterweg,31,2503,Biel/Bienne,BE,3.5,74,1260
Oberer Quai,138,2503,Biel/Bienne,BE,3,70,1270
Poststrasse,17,2504,Biel/Bienne,BE,3.5,73,1275
Mettstrasse,125,2500,Biel/Bienne,BE,3.5,60,1290
Jakobstrasse,42,2504,Biel/Bienne,BE,3,61,1290
Salzhausstrasse,11,2500,Biel/Bienne,BE,3.5,65,1290
General-Dufour-Strasse,41,2502,Biel/Bienne,BE,2.5,44,1290
Poststrasse,26,2504,Biel/Bienne,BE,3,70,1295
Gerbergasse,1,2502,Biel/Bienne,BE,3,79,1300
Kontrollstrasse,8,2503,Biel/Bienne,BE,3.5,65,1300
Hainbuchenweg,17,2504,Biel/Bienne,BE,3,65,1300
Mettlenweg,94,2500,Biel/Bienne,BE,3.5,61,1300
Bahnhofplatz,8,2502,Biel/Bienne,BE,3,70,1300
Oberer Quai,66,2503,Biel/Bienne,BE,3,83,1300
Mettlenweg,92,2500,Biel/Bienne,BE,3,69,1310
Murtenstrasse,37,2502,Biel/Bienne,BE,3.5,75,1320
Länggasse,9,2504,Biel/Bienne,BE,2.5,55,1340
Mattenstrasse,25,2500,Biel/Bienne,BE,3.5,70,1350
Länggasse,9,2504,Biel/Bienne,BE,2.5,67,1350
Länggasse,44,2504,Biel/Bienne,BE,2,46,1355
Alfred Aebi-Strasse,59,2503,Biel/Bienne,BE,3.5,85,1360
Georg-Friedrich-Heilmann-Strasse,4,2502,Biel/Bienne,BE,2.5,65,1360
Bözingenstrasse,134,2504,Biel/Bienne,BE,4.5,94,1370
Bartolomäusweg,11,2504,Biel/Bienne,BE,3.5,67,1370
Waffengasse,18,2502,Biel/Bienne,BE,1,63,1370
Meisenweg,8,2503,Biel/Bienne,BE,4,72,1375
Verresiusstrasse,16,2502,Biel/Bienne,BE,3,73,1380
Jakobstrasse,42,2504,Biel/Bienne,BE,3.5,70,1380
Albrecht Haller - Strasse,6,2502,Biel/Bienne,BE,3,80,1390
Beaulieuweg,11,2504,Biel/Bienne,BE,3.5,67,1390
Mettstr.,59,2503,Biel/Bienne,BE,3.5,76,1390
Mettstrasse,61,2503,Biel/Bienne,BE,3.5,78,1390
Verresiusstrasse,16,2502,Biel/Bienne,BE,3,73,1390
Güterstrasse,6,2502,Biel/Bienne,BE,3,70,1390
Brüggstrasse,1,2503,Biel/Bienne,BE,2.5,81,1395
Mattenstrasse,36,2502,Biel/Bienne,BE,2.5,100,1400
Alfred-Aebi-Strasse,92,2503,Biel/Bienne,BE,3.5,65,1400
Schwanengasse,11,2503,Biel/Bienne,BE,2.5,70,1400
Oberer Quai,38,2500,Biel/Bienne,BE,3.5,60,1400
Bahnhofplatz,8,2502,Biel/Bienne,BE,3,70,1400
General-Dufourstrasse,104,2500,Biel/Bienne,BE,3,59,1400
rue du Jura,14,2500,Biel/Bienne,BE,3,65,1420
Bürenstrasse,43,2504,Biel/Bienne,BE,3.5,74,1420
Pianostrasse,38,2503,Biel/Bienne,BE,3.5,67,1420
Scheurenweg,43,2504,Biel/Bienne,BE,3,80,1420
Madretschstrasse,108,2503,Biel/Bienne,BE,2.5,79,1426
Bözingenstr.,141,2504,Biel/Bienne,BE,3.5,76,1430
Badhausstrasse,17,2503,Biel/Bienne,BE,3,66,1440
Alpenstrasse,46,2502,Biel/Bienne,BE,3.5,65,1440
Mettlenweg,100,2500,Biel/Bienne,BE,4,77,1440
Mettstrasse,61,2503,Biel/Bienne,BE,3.5,81,1445
Neumarktstrasse,44,2500,Biel/Bienne,BE,1,40,1450
Mattenstrasse,154,2503,Biel/Bienne,BE,3.5,81,1450
Spitalstrasse,30,2502,Biel/Bienne,BE,3,80,1450
G. Dufour-Strasse,123,2502,Biel/Bienne,BE,3.5,90,1450
Flurweg,8,2504,Biel/Bienne,BE,3,76,1450
Bartolomäusweg,27,2504,Biel/Bienne,BE,3.5,77,1460
Gerbergasse,6,2502,Biel/Bienne,BE,2.5,63,1460
Neumarktstrasse,27,2500,Biel/Bienne,BE,2.5,74,1465
Verresiusstrasse,15,2500,Biel/Bienne,BE,2.5,77,1470
Sägefeldweg,24,2504,Biel/Bienne,BE,4,90,1480
Haldenstrasse,26,2502,Biel/Bienne,BE,4.5,89,1480
Aegertenstrasse,14,2503,Biel/Bienne,BE,3.5,75,1480
Aegertenstrasse,18,2503,Biel/Bienne,BE,3.5,75,1480
Länggasse,50,2504,Biel/Bienne,BE,4,90,1480
Oberer Quai,22,2503,Biel/Bienne,BE,3.5,88,1480
Schwadernauweg,33,2504,Biel/Bienne,BE,3.5,71,1480
Georg-Friedrich-Heilmann-Strasse,4,2502,Biel/Bienne,BE,2.5,80,1480
Madretschstrasse,39,2502,Biel/Bienne,BE,2.5,71,1480
Mettstrasse,22,2503,Biel/Bienne,BE,3.5,80,1485
Hermann-Lienhardstrasse,47,2504,Biel/Bienne,BE,3,86,1490
Bahnhofplatz,1,2502,Biel/Bienne,BE,3.5,85,1490
Bartolomäusweg,15,2504,Biel/Bienne,BE,3.5,90,1490
Mettstrasse,157,2504,Biel/Bienne,BE,3.5,75,1500
Tulpenweg,16,2503,Biel/Bienne,BE,2.5,57,1500
Mühlebrücke,2,2502,Biel/Bienne,BE,3.5,90,1500
Barkenweg,3,2503,Biel/Bienne,BE,3.5,80,1500
Forellenweg,16,2500,Biel/Bienne,BE,4.5,78,1506
Murtenstrasse,58,2500,Biel/Bienne,BE,3.5,78,1510
Verresiusstrasse,15,2500,Biel/Bienne,BE,3.5,78,1510
Jakob-Stämpfli-Strasse,114,2502,Biel/Bienne,BE,2.5,67,1515
Jakob-Stämpfli-Strasse,116,2502,Biel/Bienne,BE,2.5,65,1515
Silbergasse,2,2502,Biel/Bienne,BE,3.5,85,1520
Tulpenweg,18,2503,Biel/Bienne,BE,2.5,57,1520
Tulpenweg,16,2503,Biel/Bienne,BE,2.5,57,1520
Güterstrasse,12,2502,Biel/Bienne,BE,3.5,77,1525
Orpundstrasse,24,2504,Biel/Bienne,BE,3.5,75,1530
Tulpenweg,16,2503,Biel/Bienne,BE,2.5,57,1530
Badhausstrasse,3,2503,Biel/Bienne,BE,3,64,1540
Friedweg,8,2503,Biel/Bienne,BE,3.5,73,1540
Tulpenweg,16,2503,Biel/Bienne,BE,2.5,57,1540
Löhrenweg,15,2504,Biel/Bienne,BE,3.5,75,1550
Freiestrasse,52,2502,Biel/Bienne,BE,3.5,80,1550
Tulpenweg,16,2503,Biel/Bienne,BE,2.5,57,1550
Solothurnstrasse,35,2504,Biel/Bienne,BE,3.5,80,1550
Blumenrain,52,2503,Biel/Bienne,BE,3.5,65,1550
Tulpenweg,15,2503,Biel/Bienne,BE,2.5,57,1560
Marktgasse,6,2502,Biel/Bienne,BE,2,72,1560
Tulpenweg,18,2503,Biel/Bienne,BE,2.5,57,1560
Tulpenweg,16,2503,Biel/Bienne,BE,2.5,57,1560
Madretschstrasse,39,2502,Biel/Bienne,BE,2.5,83,1560
Feldeckstrasse,11,2502,Biel/Bienne,BE,4,88,1580
Mühlestrasse,51,2504,Biel/Bienne,BE,4,81,1580
Freiestrasse,11,2502,Biel/Bienne,BE,2.5,89,1580
Feldeckstrasse,2,2502,Biel/Bienne,BE,4.5,80,1580
Tulpenweg,20,2503,Biel/Bienne,BE,2.5,57,1580
Fuchsenried,22,2504,Biel/Bienne,BE,4.5,88,1580
Tulpenweg,16,2503,Biel/Bienne,BE,2.5,57,1580
Tulpenweg,16,2503,Biel/Bienne,BE,2.5,57,1580
Scheurenweg,45,2500,Biel/Bienne,BE,3.5,90,1580
Schwadernauweg,14,2504,Biel/Bienne,BE,4.5,84,1580
Seilerweg,16,2503,Biel/Bienne,BE,4,95,1580
Hermann-Lienhardstrasse,24,2504,Biel/Bienne,BE,4,80,1590
Jurastrasse,53,2503,Biel/Bienne,BE,4.5,99,1590
Badhausstrasse,5,2503,Biel/Bienne,BE,3,64,1590
Höheweg,24,2502,Biel/Bienne,BE,3.5,75,1590
Nidaugasse,37,2502,Biel/Bienne,BE,1,100,1590
Mattenstrasse,73,2503,Biel/Bienne,BE,3.5,95,1590
Bahnhofstrasse,1,2502,Biel/Bienne,BE,3.5,125,1595
Tulpenweg,15,2503,Biel/Bienne,BE,2.5,57,1600
Alfred-Aebi-Strasse,92,2503,Biel/Bienne,BE,2,84,1600
Florastrasse,22,2502,Biel/Bienne,BE,3.5,90,1600
Tulpenweg,16,2503,Biel/Bienne,BE,2.5,57,1600
Parkweg,10,2502,Biel/Bienne,BE,3.5,85,1600
Route du Büttenberg,66,2504,Biel/Bienne,BE,3.5,77,1620
Bartolomäusweg,13,2504,Biel/Bienne,BE,3.5,94,1620
Tulpenweg,16,2503,Biel/Bienne,BE,2.5,57,1620
Tulpenweg,16,2503,Biel/Bienne,BE,2.5,57,1620
Bartolomäusweg,13,2504,Biel/Bienne,BE,3.5,96,1620
Rechbergerstrasse,1,2502,Biel/Bienne,BE,4,103,1622
Sägefeldweg,47,2504,Biel/Bienne,BE,3.5,96,1630
Madretschstrasse,39,2502,Biel/Bienne,BE,2.5,90,1630
Industriegasse,8,2502,Biel/Bienne,BE,3.5,95,1650
Mattenstrasse,154,2503,Biel/Bienne,BE,3.5,81,1655
Madretschstrasse,39,2502,Biel/Bienne,BE,2.5,80,1660
Poststrasse,12,2504,Biel/Bienne,BE,3.5,93,1670
Badhausstrasse,17,2503,Biel/Bienne,BE,4,78,1670
Pianostrasse,38,2503,Biel/Bienne,BE,3.5,70,1680
Wilerbergweg,13,2504,Biel/Bienne,BE,3.5,85,1688
Korngasse,9,2502,Biel/Bienne,BE,4.5,95,1690
J. Verresius-Str.,13,2500,Biel/Bienne,BE,3.5,74,1690
Verresiusstrasse,16,2502,Biel/Bienne,BE,4,97,1690
Burggasse,1,2502,Biel/Bienne,BE,3,94,1690
Schmiedengasse,10,2502,Biel/Bienne,BE,3.5,85,1690
Salomegasse,16,2500,Biel/Bienne,BE,3.5,84,1695
Neumarktstrasse,31,2500,Biel/Bienne,BE,3.5,94,1695
Bahnhofstrasse,7,2502,Biel/Bienne,BE,2.5,84,1700
Zollhausstrasse,16,2504,Biel/Bienne,BE,3.5,77,1710
Fliederweg,3,2503,Biel/Bienne,BE,3.5,98,1710
Florastrasse,5,2502,Biel/Bienne,BE,3.5,77,1715
Badhausstrasse,13,2503,Biel/Bienne,BE,4,78,1720
Falkenstrasse,35,2502,Biel/Bienne,BE,3.5,89,1720
Aegertenstrasse,14,2503,Biel/Bienne,BE,4.5,90,1730
Verresiusstrasse,11,2502,Biel/Bienne,BE,4.5,99,1735
Marie-Louise-Bloesch-Weg,2,2503,Biel/Bienne,BE,3.5,89,1745
Juravorstadt,23,2502,Biel/Bienne,BE,4.5,118,1755
Silbergasse,2,2502,Biel/Bienne,BE,4.5,100,1760
Salomegasse,16,2500,Biel/Bienne,BE,3.5,95,1760
Schützengasse,42,2502,Biel/Bienne,BE,3.5,75,1760
Hintergasse,17,2504,Biel/Bienne,BE,3.5,81,1770
Karl-Neuhaus-Strasse,40,2502,Biel/Bienne,BE,3.5,91,1770
Waldrainstrasse,8,2503,Biel/Bienne,BE,3.5,99,1780
Hermann-Lienhardstrasse,49,2504,Biel/Bienne,BE,4.5,101,1780
Plänkestrasse,14,2502,Biel/Bienne,BE,4.5,110,1780
Hugistrasse,7,2502,Biel/Bienne,BE,3,64,1790
Schleusenweg,1,2502,Biel/Bienne,BE,4.5,102,1790
Marktgasse,29,2502,Biel/Bienne,BE,3.5,150,1795
Mittelstrasse,9,2502,Biel/Bienne,BE,4.5,85,1800
Mattenstrasse,114,2503,Biel/Bienne,BE,3.5,85,1810
Mittelstrasse,40,2502,Biel/Bienne,BE,1,110,1820
Marie-Louise-Bloesch-Weg,6,2503,Biel/Bienne,BE,3.5,89,1825
Zentralstrasse,68,2503,Biel/Bienne,BE,3.5,91,1830
Schwanengasse,11,2503,Biel/Bienne,BE,3.5,82,1830
Schwanengasse,11,2503,Biel/Bienne,BE,3.5,87,1830
Jakob-Stämpflistrasse,118,2502,Biel/Bienne,BE,3.5,86,1840
Zentralstrasse,33,2502,Biel/Bienne,BE,3.5,100,1850
Schwanengasse,11,2503,Biel/Bienne,BE,3.5,93,1870
Jakob-Stämpfli-Strasse,118,2502,Biel/Bienne,BE,3.5,86,1870
Alleestrasse,20,2503,Biel/Bienne,BE,4.5,105,1880
Cornouillerstrasse,2,2502,Biel/Bienne,BE,4.5,97,1880
Tulpenweg,15,2503,Biel/Bienne,BE,2.5,57,1890
Ländtestrasse,46,2503,Biel/Bienne,BE,4.5,102,1890
Alfred-Aebi-Strasse,92,2503,Biel/Bienne,BE,5,95,1900
Alfred-Aebi-Strasse,92,2503,Biel/Bienne,BE,4.5,95,1900
Jakob-Stämpfli-Strasse,112,2502,Biel/Bienne,BE,3.5,86,1910
Büttenbergstrasse,64,2504,Biel/Bienne,BE,3.5,87,1920
Mattenstrasse,73,2503,Biel/Bienne,BE,4.5,112,1920
Hugistrasse,6,2502,Biel/Bienne,BE,4.5,102,1930
Zentralstrasse,68,2503,Biel/Bienne,BE,3.5,93,1930
Poststrasse,12,2504,Biel/Bienne,BE,4.5,105,1930
Ernst-Schüler-Strasse,48,2502,Biel/Bienne,BE,4.5,120,1930
Badhausstrasse,21,2503,Biel/Bienne,BE,3,85,1935
Freiestrasse,15,2502,Biel/Bienne,BE,4.5,95,1940
Bahnhofplatz,9,2502,Biel/Bienne,BE,3.5,105,1950
Bürenstrasse,45,2504,Biel/Bienne,BE,4.5,112,1950
Schmiedengasse,8,2502,Biel/Bienne,BE,3.5,87,1950
Sägefeldweg,47,2504,Biel/Bienne,BE,4.5,112,1970
Zollhausstrasse,16,2504,Biel/Bienne,BE,4.5,100,1980
Höheweg,85,2502,Biel/Bienne,BE,3.5,91,1980
Alleestrasse,37,2503,Biel/Bienne,BE,4.5,106,1980
Fliederweg,5,2503,Biel/Bienne,BE,4.5,114,1980
Fliederweg,5,2503,Biel/Bienne,BE,3.5,131,1985
Gartenstrasse,9,2502,Biel/Bienne,BE,4.5,125,1990
Hintergasse,17,2504,Biel/Bienne,BE,4.5,92,1990
Narzissenweg,8,2504,Biel/Bienne,BE,4.5,130,1990
Poststrasse,12,2504,Biel/Bienne,BE,4.5,98,1990
Jakob-Stämpfli-Strasse,116,2502,Biel/Bienne,BE,3.5,86,1995
Alleestrasse,37,2503,Biel/Bienne,BE,3.5,105,1998
Wilerbergweg,5,2504,Biel/Bienne,BE,4.5,112,2010
Zentralstrasse,70,2503,Biel/Bienne,BE,4.5,103,2040
Neumarktstrasse,34,2502,Biel/Bienne,BE,5.5,124,2060
Louis BrÃ©guetweg,5,2502,Biel/Bienne,BE,4.5,113,2095
Waldrainstrasse,8,2503,Biel/Bienne,BE,4.5,109,2095
Feldeckstrasse,15,2502,Biel/Bienne,BE,4.5,113,2100
Poststrasse,7,2504,Biel/Bienne,BE,4.5,127,2105
Salomegasse,14,2500,Biel/Bienne,BE,4.5,118,2115
Büttenbergstrasse,62,2504,Biel/Bienne,BE,4.5,101,2130
Falkenstrasse,8,2502,Biel/Bienne,BE,4.5,114,2130
Rüschlistrasse,10,2502,Biel/Bienne,BE,4.5,116,2195
Aarbergstr.,107,2502,Biel/Bienne,BE,4.5,116,2196
Tulpenweg,15,2503,Biel/Bienne,BE,3.5,87,2230
Tulpenweg,15,2503,Biel/Bienne,BE,3.5,87,2230
Champagneallee,30,2502,Biel/Bienne,BE,5.5,110,2280
Poststrasse,12,2504,Biel/Bienne,BE,5.5,122,2280
Waldrainstrasse,8,2503,Biel/Bienne,BE,3.5,140,2295
Tulpenweg,15,2503,Biel/Bienne,BE,3.5,87,2330
Tulpenweg,15,2503,Biel/Bienne,BE,2.5,57,2340
Marktgasse,6,2502,Biel/Bienne,BE,4,142,2390
Florastrasse,1,2502,Biel/Bienne,BE,4.5,124,2395
Gerbergasse,4,2502,Biel/Bienne,BE,4.5,156,2400
Nidaugasse,8,2502,Biel/Bienne,BE,2.5,76,2400
Büttenberg,62,2504,Biel/Bienne,BE,5.5,110,2430
Sägefeldweg,47,2504,Biel/Bienne,BE,3.5,163,2430
Chemin de la Scierie,47,2504,Biel/Bienne,BE,3.5,163,2430
Höheweg,85,2502,Biel/Bienne,BE,3.5,96,2450
Bahnhofstrasse,14,2502,Biel/Bienne,BE,2,38,2450
Alfred-Aebi-Strasse,92,2503,Biel/Bienne,BE,4.5,103,2480
Haldenstrasse,80,2502,Biel/Bienne,BE,5.5,180,2490
Schmiedengasse,8,2502,Biel/Bienne,BE,4.5,160,2490
Bahnhofstrasse,26,2502,Biel/Bienne,BE,3.5,112,2500
Bahnhofstrasse,26,2502,Biel/Bienne,BE,4,112,2500
Nidaugasse,24,2502,Biel/Bienne,BE,4.5,132,2590
Höheweg,85,2502,Biel/Bienne,BE,4.5,113,2730
Albrecht-Haller-Strasse,9,2502,Biel/Bienne,BE,5.5,152,2910
Reuchenettestrasse,112,2504,Biel/Bienne,BE,5.5,144,2950
Höheweg,85,2502,Biel/Bienne,BE,4.5,155,2950
Burgunderweg,5,2505,Biel/Bienne,BE,5.5,115,2950
Höheweg,85,2502,Biel/Bienne,BE,4.5,155,2970
Rüschlistrasse,10,2502,Biel/Bienne,BE,6.5,165,3250
Rüschlistrasse,6,2502,Biel/Bienne,BE,7,195,3350
General Dufourstrasse,57,2502,Biel/Bienne,BE,3,50,990
Dufour,120,2502,Biel/Bienne,BE,3,68,1100
AllÃ©e de la Champagne,22,2502,Biel/Bienne,BE,2,70,1150
General-Dufour-Strasse,55,2502,Biel/Bienne,BE,3,80,1150
Johann-Verresius Strasse,8,2502,Biel/Bienne,BE,3,60,1167
Dufour,120,2502,Biel/Bienne,BE,3,68,1200
Solothurnstrasse,35,2504,Biel/Bienne,BE,2,52,1260
Reuchenettestrasse,20,2502,Biel/Bienne,BE,3.5,62,1300
Untergasse,8,2502,Biel/Bienne,BE,3.5,78,1400
Freiestrasse,11,2502,Biel/Bienne,BE,2.5,89,1600
